year,sum,variable,timescale,region
2001,0.32669031311154595,BA_Total,seasonal_djf,region_21
2002,0.21422798434442264,BA_Total,seasonal_djf,region_21
2003,0.20267808219178088,BA_Total,seasonal_djf,region_21
2004,0.28946477495107636,BA_Total,seasonal_djf,region_21
2005,0.1880934442270059,BA_Total,seasonal_djf,region_21
2006,0.14859393346379646,BA_Total,seasonal_djf,region_21
2007,0.3401526418786691,BA_Total,seasonal_djf,region_21
2008,0.2866986301369863,BA_Total,seasonal_djf,region_21
2009,0.245011252446184,BA_Total,seasonal_djf,region_21
2010,0.3593013698630137,BA_Total,seasonal_djf,region_21
2011,0.32255821917808225,BA_Total,seasonal_djf,region_21
2012,0.20069569471624268,BA_Total,seasonal_djf,region_21
2013,0.2790376712328767,BA_Total,seasonal_djf,region_21
2014,0.1369990215264188,BA_Total,seasonal_djf,region_21
2015,0.1724574363992172,BA_Total,seasonal_djf,region_21
2016,0.2535567514677104,BA_Total,seasonal_djf,region_21
2017,0.07179745596868885,BA_Total,seasonal_djf,region_21
2018,0.09971624266144813,BA_Total,seasonal_djf,region_21
2019,0.1867592954990215,BA_Total,seasonal_djf,region_21
2020,0.28057436399217217,BA_Total,seasonal_djf,region_21
2021,0.46097064579256364,BA_Total,seasonal_djf,region_21
2022,0.38141487279843433,BA_Total,seasonal_djf,region_21
2023,0.3382147749510764,BA_Total,seasonal_djf,region_21
