year,sum,variable,timescale,region
2002,0.009979283473309543,Cem_Total,seasonal_mam,region_33
2003,0.020533850769665685,Cem_Total,seasonal_mam,region_33
2004,0.0280591441004332,Cem_Total,seasonal_mam,region_33
2005,0.01753112831271475,Cem_Total,seasonal_mam,region_33
2006,0.018311950612433254,Cem_Total,seasonal_mam,region_33
2007,0.013013613307936163,Cem_Total,seasonal_mam,region_33
2008,0.012212109748859317,Cem_Total,seasonal_mam,region_33
2009,0.014452999272607075,Cem_Total,seasonal_mam,region_33
2010,0.0175165452086643,Cem_Total,seasonal_mam,region_33
2011,0.008143381995970566,Cem_Total,seasonal_mam,region_33
2012,0.017866004674841753,Cem_Total,seasonal_mam,region_33
2013,0.02081093501936091,Cem_Total,seasonal_mam,region_33
2014,0.009368406131400156,Cem_Total,seasonal_mam,region_33
2015,0.013321115768779737,Cem_Total,seasonal_mam,region_33
2016,0.017581380630338067,Cem_Total,seasonal_mam,region_33
2017,0.021393962057693044,Cem_Total,seasonal_mam,region_33
2018,0.015665459408211187,Cem_Total,seasonal_mam,region_33
2019,0.021214192037627644,Cem_Total,seasonal_mam,region_33
2020,0.02120720888695189,Cem_Total,seasonal_mam,region_33
