year,sum,variable,timescale,region
2002,0.08052289239128063,Cem_Total,seasonal_mam,region_32
2003,0.2007858813976928,Cem_Total,seasonal_mam,region_32
2004,0.011478026374808874,Cem_Total,seasonal_mam,region_32
2005,0.03305787092039898,Cem_Total,seasonal_mam,region_32
2006,0.06680139830913334,Cem_Total,seasonal_mam,region_32
2007,0.02924207117296682,Cem_Total,seasonal_mam,region_32
2008,0.15603585638543552,Cem_Total,seasonal_mam,region_32
2009,0.09011040943878576,Cem_Total,seasonal_mam,region_32
2010,0.03249709618521491,Cem_Total,seasonal_mam,region_32
2011,0.05195022582948957,Cem_Total,seasonal_mam,region_32
2012,0.07957431347606896,Cem_Total,seasonal_mam,region_32
2013,0.10343472436183679,Cem_Total,seasonal_mam,region_32
2014,0.09745811054998746,Cem_Total,seasonal_mam,region_32
2015,0.012429420628414324,Cem_Total,seasonal_mam,region_32
2016,0.03883642361698495,Cem_Total,seasonal_mam,region_32
2017,0.04830485103536986,Cem_Total,seasonal_mam,region_32
2018,0.21002894802930275,Cem_Total,seasonal_mam,region_32
2019,0.0703747942465949,Cem_Total,seasonal_mam,region_32
2020,0.0204287842945952,Cem_Total,seasonal_mam,region_32
