year,sum,variable,timescale,region
2002,0.002433053167952722,Cem_Total,seasonal_mam,region_42
2003,0.001142224082007142,Cem_Total,seasonal_mam,region_42
2004,0.005874763600114142,Cem_Total,seasonal_mam,region_42
2005,0.008987803346808277,Cem_Total,seasonal_mam,region_42
2006,0.014531779731032032,Cem_Total,seasonal_mam,region_42
2007,0.0013562362520510656,Cem_Total,seasonal_mam,region_42
2008,0.0018493971848307885,Cem_Total,seasonal_mam,region_42
2009,0.0037665508051981655,Cem_Total,seasonal_mam,region_42
2010,0.002544882571724364,Cem_Total,seasonal_mam,region_42
2011,0.016931415510624003,Cem_Total,seasonal_mam,region_42
2012,0.0076169067599714865,Cem_Total,seasonal_mam,region_42
2013,0.005873615404559156,Cem_Total,seasonal_mam,region_42
2014,0.004250414111099511,Cem_Total,seasonal_mam,region_42
2015,0.011716058705584348,Cem_Total,seasonal_mam,region_42
2016,0.012636058279867765,Cem_Total,seasonal_mam,region_42
2017,0.021075770607414026,Cem_Total,seasonal_mam,region_42
2018,0.006792289181695562,Cem_Total,seasonal_mam,region_42
2019,0.006428238458587763,Cem_Total,seasonal_mam,region_42
2020,0.002231452833915286,Cem_Total,seasonal_mam,region_42
