year,sum,variable,timescale,region
2002,0.13203655217562882,Cem_Total,seasonal_mam,region_39
2003,0.18748483256938883,Cem_Total,seasonal_mam,region_39
2004,0.3663017340649674,Cem_Total,seasonal_mam,region_39
2005,0.3110715915823014,Cem_Total,seasonal_mam,region_39
2006,0.1328689789077222,Cem_Total,seasonal_mam,region_39
2007,0.3068986829063158,Cem_Total,seasonal_mam,region_39
2008,0.21560069285675643,Cem_Total,seasonal_mam,region_39
2009,0.17972762609684947,Cem_Total,seasonal_mam,region_39
2010,0.38387624185557606,Cem_Total,seasonal_mam,region_39
2011,0.1564568710656973,Cem_Total,seasonal_mam,region_39
2012,0.22384073584465483,Cem_Total,seasonal_mam,region_39
2013,0.18489504615962507,Cem_Total,seasonal_mam,region_39
2014,0.46448966269368513,Cem_Total,seasonal_mam,region_39
2015,0.24034973772840118,Cem_Total,seasonal_mam,region_39
2016,0.2876654482502919,Cem_Total,seasonal_mam,region_39
2017,0.16028414639825378,Cem_Total,seasonal_mam,region_39
2018,0.16063907363037988,Cem_Total,seasonal_mam,region_39
2019,0.22894674554619418,Cem_Total,seasonal_mam,region_39
2020,0.3060657439972064,Cem_Total,seasonal_mam,region_39
