year,sum,variable,timescale,region
2001,3.2642659077367324,Cem_Total,yearly_jj,region_42
2002,10.570843173215215,Cem_Total,yearly_jj,region_42
2003,3.4833473681877196,Cem_Total,yearly_jj,region_42
2004,6.887637810226187,Cem_Total,yearly_jj,region_42
2005,4.839336690037186,Cem_Total,yearly_jj,region_42
2006,5.872197685306316,Cem_Total,yearly_jj,region_42
2007,1.2305730251978566,Cem_Total,yearly_jj,region_42
2008,3.6108988455063034,Cem_Total,yearly_jj,region_42
2009,12.391527254147055,Cem_Total,yearly_jj,region_42
2010,1.9441251263471662,Cem_Total,yearly_jj,region_42
2011,14.973727400162879,Cem_Total,yearly_jj,region_42
2012,14.442240717065896,Cem_Total,yearly_jj,region_42
2013,13.983037281805762,Cem_Total,yearly_jj,region_42
2014,3.6368730082355505,Cem_Total,yearly_jj,region_42
2015,4.241704133817913,Cem_Total,yearly_jj,region_42
2016,6.4383425465706585,Cem_Total,yearly_jj,region_42
2017,6.473898722254905,Cem_Total,yearly_jj,region_42
2018,9.077513946205466,Cem_Total,yearly_jj,region_42
2019,100.76370199695852,Cem_Total,yearly_jj,region_42
2020,4.737649348751059,Cem_Total,yearly_jj,region_42
