year,sum,variable,timescale,region
2001,0.14662446100073764,Cem_Total,yearly_jj,region_17
2002,0.6254411522679099,Cem_Total,yearly_jj,region_17
2003,0.26975765972012955,Cem_Total,yearly_jj,region_17
2004,0.18108744706757382,Cem_Total,yearly_jj,region_17
2005,0.537623560926989,Cem_Total,yearly_jj,region_17
2006,0.7018188315529567,Cem_Total,yearly_jj,region_17
2007,0.32049361597555465,Cem_Total,yearly_jj,region_17
2008,0.15410238180270283,Cem_Total,yearly_jj,region_17
2009,0.12465943365443387,Cem_Total,yearly_jj,region_17
2010,0.18570182753172912,Cem_Total,yearly_jj,region_17
2011,0.23693383602831727,Cem_Total,yearly_jj,region_17
2012,0.16508755226323754,Cem_Total,yearly_jj,region_17
2013,0.18702715840755138,Cem_Total,yearly_jj,region_17
2014,0.337583905159047,Cem_Total,yearly_jj,region_17
2015,0.05970668238847634,Cem_Total,yearly_jj,region_17
2016,0.03497755298049856,Cem_Total,yearly_jj,region_17
2017,0.1584849607581731,Cem_Total,yearly_jj,region_17
2018,0.578228921194974,Cem_Total,yearly_jj,region_17
2019,0.031748275258892115,Cem_Total,yearly_jj,region_17
2020,0.002155050183175232,Cem_Total,yearly_jj,region_17
