year,sum,variable,timescale,region
2001,5.213681995983059,Cem_Total,yearly_jj,region_13
2002,106.24270153927321,Cem_Total,yearly_jj,region_13
2003,68.46758362805275,Cem_Total,yearly_jj,region_13
2004,127.89816680961245,Cem_Total,yearly_jj,region_13
2005,124.62315333296347,Cem_Total,yearly_jj,region_13
2006,72.45380663048437,Cem_Total,yearly_jj,region_13
2007,159.42691653532412,Cem_Total,yearly_jj,region_13
2008,52.63157470179654,Cem_Total,yearly_jj,region_13
2009,26.876151667455172,Cem_Total,yearly_jj,region_13
2010,186.20353365258603,Cem_Total,yearly_jj,region_13
2011,44.26952073438862,Cem_Total,yearly_jj,region_13
2012,62.67452129299199,Cem_Total,yearly_jj,region_13
2013,23.91013506736037,Cem_Total,yearly_jj,region_13
2014,31.59460144738813,Cem_Total,yearly_jj,region_13
2015,47.54788062866687,Cem_Total,yearly_jj,region_13
2016,67.42192281228888,Cem_Total,yearly_jj,region_13
2017,98.22135105465995,Cem_Total,yearly_jj,region_13
2018,32.394322240877244,Cem_Total,yearly_jj,region_13
2019,137.60690140189416,Cem_Total,yearly_jj,region_13
2020,166.6071720825752,Cem_Total,yearly_jj,region_13
