year,sum,variable,timescale,region
2002,0.06405693920841676,Cem_Total,seasonal_jja,region_29
2003,0.5376757092606104,Cem_Total,seasonal_jja,region_29
2004,0.01646159001082017,Cem_Total,seasonal_jja,region_29
2005,0.2559989130168224,Cem_Total,seasonal_jja,region_29
2006,0.05697878937208822,Cem_Total,seasonal_jja,region_29
2007,0.02862291819196838,Cem_Total,seasonal_jja,region_29
2008,0.023721212623326042,Cem_Total,seasonal_jja,region_29
2009,0.03780372668340323,Cem_Total,seasonal_jja,region_29
2010,0.2135387556172718,Cem_Total,seasonal_jja,region_29
2011,0.027538841490699885,Cem_Total,seasonal_jja,region_29
2012,0.1432833243069703,Cem_Total,seasonal_jja,region_29
2013,0.8199241454033355,Cem_Total,seasonal_jja,region_29
2014,0.14051217403000638,Cem_Total,seasonal_jja,region_29
2015,0.012189097239442049,Cem_Total,seasonal_jja,region_29
2016,0.4243175264170316,Cem_Total,seasonal_jja,region_29
2017,0.11851927679610409,Cem_Total,seasonal_jja,region_29
2018,0.5246414607619154,Cem_Total,seasonal_jja,region_29
2019,0.8313428842804391,Cem_Total,seasonal_jja,region_29
2020,1.336574620045238,Cem_Total,seasonal_jja,region_29
