year,sum,variable,timescale,region
2002,0.09116402505228888,Cem_Total,seasonal_jja,region_11
2003,0.057115114194215416,Cem_Total,seasonal_jja,region_11
2004,0.13640092333419845,Cem_Total,seasonal_jja,region_11
2005,0.24122903502910933,Cem_Total,seasonal_jja,region_11
2006,0.0739694119326775,Cem_Total,seasonal_jja,region_11
2007,0.1362341566105619,Cem_Total,seasonal_jja,region_11
2008,0.14840015119976888,Cem_Total,seasonal_jja,region_11
2009,0.03964514147303254,Cem_Total,seasonal_jja,region_11
2010,0.11831490418765211,Cem_Total,seasonal_jja,region_11
2011,0.017971026499943914,Cem_Total,seasonal_jja,region_11
2012,0.10368530545440591,Cem_Total,seasonal_jja,region_11
2013,0.011382097668890714,Cem_Total,seasonal_jja,region_11
2014,0.08147508024469521,Cem_Total,seasonal_jja,region_11
2015,0.0659733439291065,Cem_Total,seasonal_jja,region_11
2016,0.07452799771131195,Cem_Total,seasonal_jja,region_11
2017,0.11048352952430235,Cem_Total,seasonal_jja,region_11
2018,0.022716852007173816,Cem_Total,seasonal_jja,region_11
2019,0.18041079617780914,Cem_Total,seasonal_jja,region_11
2020,0.2298052271875807,Cem_Total,seasonal_jja,region_11
