year,sum,variable,timescale,region
2002,0.006183533378154379,Cem_Total,seasonal_mam,region_12
2003,0.007820243951687808,Cem_Total,seasonal_mam,region_12
2004,0.02125414559072821,Cem_Total,seasonal_mam,region_12
2005,0.00716275581609631,Cem_Total,seasonal_mam,region_12
2006,0.004696195202443124,Cem_Total,seasonal_mam,region_12
2007,0.025779320404577775,Cem_Total,seasonal_mam,region_12
2008,0.009955524010405415,Cem_Total,seasonal_mam,region_12
2009,0.012806002969108695,Cem_Total,seasonal_mam,region_12
2010,0.022765302944130324,Cem_Total,seasonal_mam,region_12
2011,0.01895562925861756,Cem_Total,seasonal_mam,region_12
2012,0.025532260029671665,Cem_Total,seasonal_mam,region_12
2013,0.01067899607848096,Cem_Total,seasonal_mam,region_12
2014,0.011429452820883658,Cem_Total,seasonal_mam,region_12
2015,0.009164508777568059,Cem_Total,seasonal_mam,region_12
2016,0.016450717654306175,Cem_Total,seasonal_mam,region_12
2017,0.018215321343148034,Cem_Total,seasonal_mam,region_12
2018,0.01376478363877705,Cem_Total,seasonal_mam,region_12
2019,0.015941267376628345,Cem_Total,seasonal_mam,region_12
2020,0.018189534147747283,Cem_Total,seasonal_mam,region_12
