year,sum,variable,timescale,region
2002,0.0010194627059851148,Cem_Total,seasonal_mam,region_20
2003,0.0036575613619724058,Cem_Total,seasonal_mam,region_20
2004,0.002000236670619225,Cem_Total,seasonal_mam,region_20
2005,0.006632109261285983,Cem_Total,seasonal_mam,region_20
2006,0.008065894294064908,Cem_Total,seasonal_mam,region_20
2007,0.0018185704615740195,Cem_Total,seasonal_mam,region_20
2008,0.002259516834787774,Cem_Total,seasonal_mam,region_20
2009,0.004232499464287509,Cem_Total,seasonal_mam,region_20
2010,0.0024735465818902557,Cem_Total,seasonal_mam,region_20
2011,0.0058734404597161035,Cem_Total,seasonal_mam,region_20
2012,0.009543751398214312,Cem_Total,seasonal_mam,region_20
2013,0.003221134332965427,Cem_Total,seasonal_mam,region_20
2014,0.0037386374233115485,Cem_Total,seasonal_mam,region_20
2015,0.0071320382172195594,Cem_Total,seasonal_mam,region_20
2016,0.0015706114607157502,Cem_Total,seasonal_mam,region_20
2017,0.0066941914011272,Cem_Total,seasonal_mam,region_20
2018,0.0013188392951121637,Cem_Total,seasonal_mam,region_20
2019,0.010147526718186126,Cem_Total,seasonal_mam,region_20
2020,0.006147903282842171,Cem_Total,seasonal_mam,region_20
