year,sum,variable,timescale,region
2001,0.7380676424921324,Cem_Total,yearly_jj,region_14
2002,0.5533753020517277,Cem_Total,yearly_jj,region_14
2003,0.5851387836763081,Cem_Total,yearly_jj,region_14
2004,0.7721555813662783,Cem_Total,yearly_jj,region_14
2005,0.4224356448139511,Cem_Total,yearly_jj,region_14
2006,1.283254554521128,Cem_Total,yearly_jj,region_14
2007,1.1856084076052815,Cem_Total,yearly_jj,region_14
2008,1.1099636870768852,Cem_Total,yearly_jj,region_14
2009,0.8149840550154267,Cem_Total,yearly_jj,region_14
2010,0.8512177270731492,Cem_Total,yearly_jj,region_14
2011,2.022182563430585,Cem_Total,yearly_jj,region_14
2012,0.1534712755153211,Cem_Total,yearly_jj,region_14
2013,2.291140724538977,Cem_Total,yearly_jj,region_14
2014,5.102835002377137,Cem_Total,yearly_jj,region_14
2015,0.7782096298109662,Cem_Total,yearly_jj,region_14
2016,13.47150206076145,Cem_Total,yearly_jj,region_14
2017,0.386896929125925,Cem_Total,yearly_jj,region_14
2018,1.0740535309818455,Cem_Total,yearly_jj,region_14
2019,1.9194231269017672,Cem_Total,yearly_jj,region_14
2020,0.12694419310156943,Cem_Total,yearly_jj,region_14
