year,sum,variable,timescale,region
2001,22.27335483430142,Cem_Total,yearly_jj,region_40
2002,85.63598232628259,Cem_Total,yearly_jj,region_40
2003,57.88270452859876,Cem_Total,yearly_jj,region_40
2004,146.83360175228918,Cem_Total,yearly_jj,region_40
2005,52.01798131799878,Cem_Total,yearly_jj,region_40
2006,106.26970207216849,Cem_Total,yearly_jj,region_40
2007,110.02404646598688,Cem_Total,yearly_jj,region_40
2008,67.31863065131448,Cem_Total,yearly_jj,region_40
2009,83.7887258864697,Cem_Total,yearly_jj,region_40
2010,48.59554795049359,Cem_Total,yearly_jj,region_40
2011,130.24884606622788,Cem_Total,yearly_jj,region_40
2012,118.94542427626628,Cem_Total,yearly_jj,region_40
2013,56.921213624999005,Cem_Total,yearly_jj,region_40
2014,106.15022321951588,Cem_Total,yearly_jj,region_40
2015,66.96816103805072,Cem_Total,yearly_jj,region_40
2016,58.96124428487621,Cem_Total,yearly_jj,region_40
2017,101.1226739603913,Cem_Total,yearly_jj,region_40
2018,78.36387578796166,Cem_Total,yearly_jj,region_40
2019,56.10023989389,Cem_Total,yearly_jj,region_40
2020,22.002689649226696,Cem_Total,yearly_jj,region_40
